normalized_name,oddstrader_name,haslametrics_name,dratings_name,conference,ncaa_name,notes,espn_name,barttorvik_name
Air Force,Air Force,Air Force,Air Force Falcons,TBD,Air Force,✓,Air Force,Air Force
Alabama,Alabama,Alabama,Alabama Crimson Tide,TBD,Alabama,✓,Alabama,Alabama
Alabama State,Alabama State,Alabama State,Alabama State Hornets,TBD,Alabama St.,✓,Alabama State,Alabama St.
Appalachian State,Appalachian State,Appalachian St.,Appalachian State Mountaineers,TBD,App State,NCAA_FIX,Appalachian State,Appalachian St.
Arizona State,Arizona State,Arizona State,Arizona State Sun Devils,TBD,Arizona St.,✓,Arizona State,Arizona St.
Auburn,Auburn,Auburn,Auburn Tigers,TBD,Auburn,✓,Auburn,Auburn
Baylor,Baylor,Baylor,Baylor Bears,TBD,Baylor,✓,Baylor,Baylor
Belmont,Belmont,Belmont,Belmont Bruins,TBD,Belmont,✓,Belmont,Belmont
Boston College,Boston College,Boston College,Boston College Eagles,TBD,Boston College,✓,Boston College,Boston College
Bowling Green,Bowling Green,Bowling Green,Bowling Green Falcons,TBD,Bowling Green,✓,Bowling Green,Bowling Green
Bradley,Bradley,Bradley,Bradley University Braves,TBD,Bradley,✓,Bradley,Bradley
Brown,Brown,Brown,Brown Bears,TBD,Brown,✓,Brown,Brown
Bucknell,Bucknell,Bucknell,Bucknell Bison,TBD,Bucknell,✓,Bucknell,Bucknell
Buffalo,Buffalo,Buffalo,Buffalo Bulls,TBD,Buffalo,✓,Buffalo,Buffalo
Cal State Northridge,Cal State Northridge,CSU Northridge,Cal State Northridge Matadors,TBD,CSUN,✓,Cal State Northridge,Cal St. Northridge
Cincinnati,Cincinnati,Cincinnati,Cincinnati Bearcats,TBD,Cincinnati,✓,Cincinnati,Cincinnati
Colorado State,Colorado State,Colorado State,Colorado State Rams,TBD,Colorado St.,✓,Colorado State,Colorado St.
Columbia,Columbia,Columbia,Columbia Lions,TBD,Columbia,✓,Columbia,Columbia
Denver,Denver,Denver,Denver Pioneers,TBD,Denver,✓,Denver,Denver
Eastern Michigan,Eastern Michigan,E. Michigan,Eastern Michigan Eagles,TBD,Eastern Mich.,✓,Eastern Michigan,Eastern Michigan
Fairfield,Fairfield,Fairfield,Fairfield Stags,TBD,Fairfield,✓,Fairfield,Fairfield
Fresno State,Fresno State,Fresno State,Fresno State Bulldogs,TBD,Fresno St.,NCAA_FIX,Fresno State,Fresno St.
Gardner-webb,Gardner-webb,Gardner-Webb,Gardner Webb Runnin' Bulldogs,TBD,Gardner-Webb,✓,Gardner-webb,Gardner Webb
Georgia State,Georgia State,Georgia State,Georgia State Panthers,TBD,Georgia St.,✓,Georgia State,Georgia St.
Gonzaga,Gonzaga,Gonzaga,Gonzaga Bulldogs,TBD,Gonzaga,✓,Gonzaga,Gonzaga
Harvard,Harvard,Harvard,Harvard Crimson,TBD,Harvard,✓,Harvard,Harvard
Houston,Houston,Houston,Houston Cougars,TBD,Houston,✓,Houston,Houston
Idaho,Idaho,Idaho,Idaho Vandals,TBD,Idaho,✓,Idaho,Idaho
Idaho State,Idaho State,Idaho State,Idaho State Bengals,TBD,Idaho St.,✓,Idaho State,Idaho St.
Illinois-Chicago,Illinois-Chicago,UIC,UIC Flames,TBD,UIC,✓,Illinois-Chicago,Illinois Chicago
Indiana State,Indiana State,Indiana State,Indiana State,TBD,Indiana St.,✓,Indiana State,Indiana St.
Iowa State,Iowa State,Iowa State,Iowa State Cyclones,TBD,Iowa St.,✓,Iowa State,Iowa St.
Jacksonville State,Jacksonville State,Jacksonville St.,Jacksonville State Gamecocks,TBD,Jacksonville St.,✓,Jacksonville State,Jacksonville St.
Kansas,Kansas,Kansas,Kansas Jayhawks,TBD,Kansas,✓,Kansas,Kansas
Kentucky,Kentucky,Kentucky,Kentucky Wildcats,TBD,Kentucky,✓,Kentucky,Kentucky
Liberty,Liberty,Liberty,Liberty,TBD,Liberty,MISSING_DRATE,Liberty,Liberty
Lipscomb,Lipscomb,Lipscomb,Lipscomb Bisons,TBD,Lipscomb,✓,Lipscomb,Lipscomb
Long Beach State,Long Beach State,Long Beach St.,Long Beach State 49ers,TBD,Long Beach St.,✓,Long Beach State,Long Beach St.
Louisiana Tech,Louisiana Tech,LA Tech,Louisiana Tech Bulldogs,TBD,Louisiana Tech,✓,Louisiana Tech,Louisiana Tech
Manhattan,Manhattan,Manhattan,Manhattan Jaspers,TBD,Manhattan,✓,Manhattan,Manhattan
Marshall,Marshall,Marshall,Marshall Thundering Herd,TBD,Marshall,✓,Marshall,Marshall
Maryland,Maryland,Maryland,Maryland Terrapins,TBD,Maryland,✓,Maryland,Maryland
Massachusetts-lowell,Massachusetts-lowell,UMass Lowell,UMass Lowell River Hawks,TBD,Massachusetts-lowell,✓,Massachusetts-lowell,UMass Lowell
Memphis,Memphis,Memphis,Memphis Tigers,TBD,Memphis,✓,Memphis,Memphis
Mercer,Mercer,Mercer,Mercer Bears,TBD,Mercer,✓,Mercer,Mercer
Michigan,Michigan,Michigan,Michigan Wolverines,TBD,Michigan,✓,Michigan,Michigan
Navy,Navy,Navy,Navy Midshipmen,TBD,Navy,✓,Navy,Navy
NC State,NC State,NC State,NC State Wolfpack,TBD,NC State,✓,NC State,N.C. State
NC-Wilmington,NC-Wilmington,UNC Wilmington,UNC Wilmington Seahawks,TBD,UNCW,✓,UNCW,UNC Wilmington
New Hampshire,New Hampshire,UNH,New Hampshire Wildcats,TBD,New Hampshire,✓,New Hampshire,New Hampshire
New Mexico,New Mexico,New Mexico,New Mexico Lobos,TBD,New Mexico,✓,New Mexico,New Mexico
New Mexico State,New Mexico State,New Mexico St.,New Mexico State Aggies,TBD,New Mexico St.,✓,New Mexico State,New Mexico St.
New Orleans,New Orleans,New Orleans,New Orleans Privateers,TBD,New Orleans,✓,New Orleans,New Orleans
North Dakota State,North Dakota State,North Dakota St.,North Dakota State Bison,TBD,North Dakota St.,✓,North Dakota State,North Dakota St.
Northern Colorado,Northern Colorado,N. Colorado,Northern Colorado Bears,TBD,Northern Colo.,✓,Northern Colorado,Northern Colorado
Northern Kentucky,Northern Kentucky,N. Kentucky,Northern Kentucky Norse,TBD,Northern Ky.,✓,Northern Kentucky,Northern Kentucky
Notre Dame,Notre Dame,Notre Dame,Notre Dame Fighting Irish,TBD,Notre Dame,✓,Notre Dame,Notre Dame
Pepperdine,Pepperdine,Pepperdine,Pepperdine Waves,TBD,Pepperdine,✓,Pepperdine,Pepperdine
Portland,Portland,Portland,Portland Pilots,TBD,Portland,✓,Portland,Portland
Robert Morris,Robert Morris,Robert Morris,Robert Morris Colonials,TBD,Robert Morris,✓,Robert Morris,Robert Morris
Saint Mary's,Saint Mary's,Saint Mary's,Saint Mary's College Gaels,TBD,Saint Mary's (CA),✓,Saint Mary's,Saint Mary's
Sam Houston State,Sam Houston State,Sam Houston,Sam Houston State Bearkats,TBD,Sam Houston,✓,Sam Houston State,Sam Houston St.
San Diego State,San Diego State,San Diego State,San Diego State Aztecs,TBD,San Diego St.,✓,San Diego State,San Diego St.
Seton Hall,Seton Hall,Seton Hall,Seton Hall Pirates,TBD,Seton Hall,✓,Seton Hall,Seton Hall
South Florida,South Florida,USF,South Florida Bulls,TBD,South Fla.,✓,South Florida,South Florida
Southeastern Louisiana,Southeastern Louisiana,SE Louisiana,Southeastern Louisiana Lions,TBD,Southeastern La.,✓,Southeastern Louisiana,Southeastern Louisiana
Southern Illinois,Southern Illinois,S. Illinois,Southern Illinois Salukis,TBD,Southern Illinois,✓,Southern Illinois,Southern Illinois
Southern Indiana,Southern Indiana,S. Indiana,Southern Indiana Screaming Eagles,TBD,Southern Indiana,✓,Southern Indiana,Southern Indiana
St. Francis,St. Francis (PA),St. Francis (PA),St. Francis Red Flash,TBD,St. Francis,✓,St. Francis,Saint Francis
St. John's,St. John's,St. John's,St. John's Red Storm,TBD,St. John's,✓,St. John's,St. John's
Stonehill,Stonehill,Stonehill,Stonehill Skyhawks,TBD,Stonehill,✓,Stonehill,Stonehill
Syracuse,Syracuse,Syracuse,Syracuse Orange,TBD,Syracuse,✓,Syracuse,Syracuse
Tennessee,Tennessee,Tennessee,Tennessee Volunteers,TBD,Tennessee,✓,Tennessee,Tennessee
Tennessee Tech,Tennessee Tech,Tenn. Tech,Tennessee Tech Golden Eagles,TBD,Tennessee Tech,✓,Tennessee Tech,Tennessee Tech
Texas,Texas,Texas,Texas Longhorns,TBD,Texas,✓,Texas,Texas
Texas Tech,Texas Tech,Texas Tech,Texas Tech Red Raiders,TBD,Texas Tech,✓,Texas Tech,Texas Tech
Toledo,Toledo,Toledo,Toledo Rockets,TBD,Toledo,✓,Toledo,Toledo
Troy,Troy,Troy,Troy Trojans,TBD,Troy,✓,Troy,Troy
USC,USC,USC,USC Trojans,TBD,Southern California,✓,USC,USC
Valparaiso,Valparaiso,Valparaiso,Valparaiso Beacons,TBD,Valparaiso,✓,Valparaiso,Valparaiso
Vanderbilt,Vanderbilt,Vanderbilt,Vanderbilt Commodores,TBD,Vanderbilt,✓,Vanderbilt,Vanderbilt
Virginia Commonwealth,Virginia Commonwealth,VCU,VCU Rams,TBD,VCU,✓,Virginia Commonwealth,VCU
Virginia Military,Virginia Military,VMI,VMI Keydets,TBD,VMI,✓,Virginia Military,VMI
Virginia Tech,Virginia Tech,Virginia Tech,Virginia Tech Hokies,TBD,Virginia Tech,✓,Virginia Tech,Virginia Tech
Wagner,Wagner,Wagner,Wagner Seahawks,TBD,Wagner,✓,Wagner,Wagner
Washington State,Washington State,Washington St.,Washington State Cougars,TBD,Washington St.,✓,Washington State,Washington St.
Western Kentucky,Western Kentucky,W. Kentucky,Western Kentucky Hilltoppers,TBD,Western Ky.,✓,Western Kentucky,Western Kentucky
Wichita State,Wichita State,Wichita State,Wichita State Shockers,TBD,Wichita St.,✓,Wichita State,Wichita St.
Wofford,Wofford,Wofford,Wofford Terriers,TBD,Wofford,✓,Wofford,Wofford
Wyoming,Wyoming,Wyoming,Wyoming Cowboys,TBD,Wyoming,✓,Wyoming,Wyoming
Abilene Christian,Abilene Christian,Abil. Christian,Abilene Christian Wildcats,TBD,Abilene Christian,✓,Abilene Christian,Abilene Christian
Army,Army,Army,Army Black Knights,TBD,Army,✓,Army,Army
Austin Peay,,Austin Peay,,TBD,Austin Peay,hasla_only,,Austin Peay
Bellarmine,,Bellarmine,,TBD,Bellarmine,hasla_only,,Bellarmine
Bethune Cookman,,Bethune-Cookman,,TBD,Bethune Cookman,hasla_only,,Bethune Cookman
Boise State,,Boise State,,TBD,Boise St.,hasla_only,,Boise St.
Boston U,,Boston U,,TBD,Boston U,hasla_only,,Boston University
Cal Baptist,,Cal Baptist,,TBD,Cal Baptist,hasla_only,,Cal Baptist
Cal Poly,Cal Poly,Cal Poly,Cal Poly Mustangs,TBD,Cal Poly,✓,Cal Poly,Cal Poly
California,California,California,California Golden Bears,TBD,California,✓,California,California
California Golden,,,California Golden,TBD,California Golden,drate_only,,California
Campbell,Campbell,Campbell,Campbell Fighting Camels,TBD,Campbell,✓,Campbell,Campbell
Coppin State,Coppin State,Coppin State,Coppin State Eagles,TBD,Coppin St.,NCAA_FIX,Coppin State,Coppin St.
Creighton,Creighton,Creighton,Creighton Bluejays,TBD,Creighton,✓,Creighton,Creighton
Csu Bakersfield,,CSU Bakersfield,,TBD,Csu Bakersfield,hasla_only,,Cal St. Bakersfield
Delaware,Delaware,Delaware,Delaware Fightin' Blue Hens,TBD,Delaware,✓,Delaware,Delaware
Drexel,,Drexel,,TBD,Drexel,hasla_only,,Drexel
E. Illinois,,E. Illinois,,TBD,E. Illinois,hasla_only,,Eastern Illinois
Eastern Washington,Eastern Washington,E. Washington,Eastern Washington Eagles,TBD,Eastern Wash.,✓,Eastern Washington,Eastern Washington
East Texas A&M,East Texas A&M,East Texas A&M,Texas A&M Commerce Lions,TBD,East Texas A&M,✓,East Texas A&M,East Texas A&M
East Carolina,East Carolina,ECU,East Carolina Pirates,TBD,East Carolina,✓,East Carolina,East Carolina
Florida Atlantic,Florida Atlantic,FAU,Florida Atlantic,TBD,Fla. Atlantic,NCAA_FIX,Florida Atlantic,Florida Atlantic
Florida Gulf Coast,Florida Gulf Coast,FGCU,Florida Gulf Coast Eagles,TBD,FGCU,✓,FGCU,Fla. Gulf Coast
Florida State,,Florida State,,TBD,Florida State,hasla_only,,Florida St.
Purdue Fort Wayne,Purdue Fort Wayne,Fort Wayne,IPFW Mastodons,TBD,Fort Wayne,✓,Fort Wayne,Purdue Fort Wayne
Gardner Webb Runnin',,,Gardner Webb Runnin',TBD,Gardner Webb Runnin',drate_only,,Gardner Webb
George Mason,,George Mason,,TBD,George Mason,hasla_only,,George Mason
George Washington,George Washington,G. Washington,George Washington Colonials,TBD,George Washington,✓,George Washington,George Washington
Georgia Southern,,,Georgia Southern,TBD,Georgia Southern,drate_only,,Georgia Southern
Grand Canyon Antelopes,,,Grand Canyon Antelopes,TBD,Grand Canyon Antelopes,drate_only,,Grand Canyon
Hampton,,Hampton,,TBD,Hampton,hasla_only,,Hampton
Houston Christian,,Houston Christian,,TBD,Houston Christian,hasla_only,,Houston Christian
Indiana,,Indiana,,TBD,Indiana,hasla_only,,Indiana
Iowa,Iowa,Iowa,Iowa Hawkeyes,TBD,Iowa,✓,Iowa,Iowa
Jacksonville,Jacksonville,Jacksonville,Jacksonville Dolphins,TBD,Jacksonville,✓,Jacksonville,Jacksonville
Kansas State,Kansas State,Kansas State,Kansas State Wildcats,TBD,Kansas State,✓,Kansas State,Kansas St.
Kennesaw State,Kennesaw State,Kennesaw State,Kennesaw State Owls,TBD,Kennesaw St.,✓,Kennesaw State,Kennesaw St.
Louisville,,,Louisville,TBD,Louisville,drate_only,,Louisville
Loyola-chicago,,Loyola-Chicago,,TBD,Loyola-chicago,hasla_only,,Loyola Chicago
Marist,,Marist,,TBD,Marist,hasla_only,,Marist
McNeese State,McNeese State,McNeese,McNeese State Cowboys,TBD,McNeese,✓,McNeese State,McNeese St.
Michigan State,Michigan State,Michigan State,Michigan State Spartans,TBD,Michigan St.,✓,Michigan State,Michigan St.
Montana,Montana,Montana,Montana Grizzlies,TBD,Montana,✓,Montana,Montana
Morgan State,Morgan State,Morgan State,Morgan State Bears,TBD,Morgan State,NEW,Morgan State,Morgan St.
Mt. St. Mary's,Mount St. Mary's,Mt. St. Mary's,Mount St. Mary's Mountaineers,TBD,Mt. St. Mary's,NEW,Mount St. Mary's,Mount St. Mary's
Middle Tennessee,Middle Tennessee,MTSU,MTSU Blue Raiders,TBD,Middle Tenn.,✓,Middle Tennessee,Middle Tennessee
Murray State,Murray State,Murray State,Murray State Racers,TBD,Murray State,✓,Murray State,Murray St.
N. Illinois,,N. Illinois,,TBD,N. Illinois,hasla_only,,Northern Illinois
North Carolina Central,North Carolina Central,NC Central,North Carolina Central Eagles,TBD,N.C. Central,✓,N.C. Central,N.C. Central
Nebraska,,,Nebraska,TBD,Nebraska,drate_only,,Nebraska
New Mexico St.,,New Mexico St.,,TBD,New Mexico St.,hasla_only,,New Mexico St.
Njit,,,Njit,TBD,NJIT,drate_only,,NJIT
North Carolina,North Carolina,North Carolina,UNC Tar Heels,TBD,North Carolina,✓,North Carolina,North Carolina
North Texas,North Texas,North Texas,North Texas Mean Green,TBD,North Texas,NEW_SUN,North Texas,North Texas
Oakland,,,Oakland,TBD,Oakland,drate_only,,Oakland
Ohio,Ohio,Ohio,Ohio Bobcats,TBD,Ohio,✓,Ohio,Ohio
Old Dominion,Old Dominion,Old Dominion,Old Dominion Monarchs,TBD,Old Dominion,FIXED_SUN,Old Dominion,Old Dominion
Omaha,,Omaha,,TBD,Omaha,hasla_only,,Nebraska Omaha
Oregon,Oregon,Oregon,Oregon Ducks,TBD,Oregon,✓,Oregon,Oregon
Pacific,,Pacific,,TBD,Pacific,hasla_only,,Pacific
Portland State,Portland State,Portland State,Portland State Vikings,TBD,Portland State,✓,Portland State,Portland St.
Quinnipiac,Quinnipiac,Quinnipiac,Quinnipiac Bobcats,TBD,Quinnipiac,FIXED_SUN,Quinnipiac,Quinnipiac
Rider,Rider,Rider,Rider Broncs,TBD,Rider,✓,Rider,Rider
Rutgers,Rutgers,Rutgers,Rutgers Scarlet Knights,TBD,Rutgers,✓,Rutgers,Rutgers
S. Carolina St.,,S. Carolina St.,,TBD,S. Carolina St.,hasla_only,,South Carolina St.
San Diego,San Diego,San Diego,San Diego Toreros,TBD,San Diego,NEW_SUN,San Diego,San Diego
Se Missouri St.,,SE Missouri St.,,TBD,Se Missouri St.,hasla_only,,Southeast Missouri St.
Se Missouri State Redhawks,,,Se Missouri State Redhawks,TBD,Se Missouri State Redhawks,drate_only,,Southeast Missouri St.
South Dakota St.,,South Dakota St.,,TBD,South Dakota St.,hasla_only,,South Dakota St.
St. Bonaventure,St. Bonaventure,St. Bonaventure,St. Bonaventure Bonnies,TBD,St. Bonaventure,✓,St. Bonaventure,St. Bonaventure
Stetson,Stetson,Stetson,Stetson Hatters,TBD,Stetson,FIXED_SUN,Stetson,Stetson
Tennessee St.,,Tennessee St.,,TBD,Tennessee St.,hasla_only,,Tennessee St.
UAB,UAB,UAB,UAB Blazers,TBD,UAB,✓,UAB,UAB
Ucf,,UCF,,TBD,Ucf,hasla_only,,UCF
UCLA,,,UCLA,TBD,UCLA,drate_only,,UCLA
Uic,,,Uic,TBD,Uic,drate_only,,Illinois Chicago
Umass Lowell River,,,Umass Lowell River,TBD,Umass Lowell River,drate_only,,UMass Lowell
Umes,,UMES,,TBD,Umes,hasla_only,,UMES
UNC Asheville,UNC Asheville,UNC Asheville,UNC Asheville Bulldogs,TBD,UNC Asheville,FIXED_SUN,UNC Asheville,UNC Asheville
Unc Wilmington Seahawks,,,Unc Wilmington Seahawks,TBD,Unc Wilmington Seahawks,drate_only,,UNC Wilmington
UNLV,Unlv,UNLV,UNLV Rebels,TBD,UNLV,✓,Unlv,UNLV
Usc Upstate,,USC Upstate,,TBD,Usc Upstate,hasla_only,,USC Upstate
Utah Tech,,Utah Tech,,TBD,Utah Tech,hasla_only,,Utah Tech
Utah Tech Trailblazers,,,Utah Tech Trailblazers,TBD,Utah Tech Trailblazers,drate_only,,Utah Tech
Utah Utes,,,Utah Utes,TBD,Utah Utes,drate_only,,Utah
UTEP,,UTEP,,TBD,UTEP,hasla_only,,UTEP
Utsa,,,Utsa,TBD,Utsa,drate_only,,UTSA
Vcu,,,VCU Rams,TBD,Vcu,drate_only,,VCU
Villanova,Villanova,Villanova,Villanova Wildcats,TBD,Villanova,✓,Villanova,Villanova
VMI,,,VMI,TBD,VMI,drate_only,,VMI
Wake Forest,Wake Forest,Wake Forest,Wake Forest Demon Deacons,TBD,Wake Forest,✓,Wake Forest,Wake Forest
Washington St.,,Washington St.,,TBD,Washington St.,hasla_only,,Washington St.
William & Mary,William & Mary,William & Mary,William & Mary Tribe,TBD,William & Mary,FIXED_SUN,William & Mary,William & Mary
Winthrop,,,Winthrop,TBD,Winthrop,drate_only,,Winthrop
FIU,FIU,FIU,FIU Golden Panthers,TBD,FIU,✓,FIU,FIU
Grand Canyon,Grand Canyon,Grand Canyon,Grand Canyon Antelopes,TBD,Grand Canyon,✓,Grand Canyon,Grand Canyon
Loyola Chicago,Loyola Chicago,Loyola-Chicago,Loyola Chicago Ramblers,TBD,Loyola Chicago,✓,Loyola Chicago,Loyola Chicago
Miami,Miami,Miami (OH),Miami RedHawks,TBD,Miami,✓,Miami,Miami FL
Nebraska-omaha,Nebraska-omaha,Omaha,Omaha Mavericks,TBD,Nebraska-omaha,✓,Nebraska-omaha,Nebraska Omaha
Northern Arizona,Northern Arizona,N. Arizona,Northern Arizona Lumberjacks,TBD,Northern Arizona,✓,Northern Arizona,Northern Arizona
Northern Iowa,Northern Iowa,Northern Iowa,Northern Iowa Panthers,TBD,Northern Iowa,✓,Northern Iowa,Northern Iowa
Ole Miss,Ole Miss,Ole Miss,Ole Miss Rebels,TBD,Ole Miss,✓,Ole Miss,Mississippi
Oral Roberts,Oral Roberts,Oral Roberts,Oral Roberts Golden Eagles,TBD,Oral Roberts,✓,Oral Roberts,Oral Roberts
Princeton,Princeton,Princeton,Princeton Tigers,TBD,Princeton,✓,Princeton,Princeton
Rhode Island,Rhode Island,URI,Rhode Island Rams,TBD,Rhode Island,✓,Rhode Island,Rhode Island
Rice,Rice,Rice,Rice Owls,TBD,Rice,✓,Rice,Rice
Samford,Samford,Samford,Samford Bulldogs,TBD,Samford,✓,Samford,Samford
San Jose State,San Jose State,San Jose State,San Jose State Spartans,TBD,San Jose St.,✓,San Jose State,San Jose St.
South Dakota State,South Dakota State,South Dakota St.,South Dakota State Jackrabbits,TBD,South Dakota State,✓,South Dakota State,South Dakota St.
Southeast Missouri State,Southeast Missouri State,SE Missouri St.,SE Missouri State Redhawks,TBD,Southeast Mo. St.,✓,Southeast Missouri State,Southeast Missouri St.
Temple,Temple,Temple,Temple Owls,TBD,Temple,✓,Temple,Temple
Towson,Towson,Towson,Towson Tigers,TBD,Towson,✓,Towson,Towson
Tulsa,Tulsa,Tulsa,Tulsa Golden Hurricane,TBD,Tulsa,✓,Tulsa,Tulsa
UC San Diego,UC San Diego,UC San Diego,UC San Diego Tritons,TBD,UC San Diego,✓,UC San Diego,UC San Diego
UNC Greensboro,UNC Greensboro,UNCG,UNC Greensboro Spartans,TBD,UNC Greensboro,✓,UNC Greensboro,UNC Greensboro
UC Irvine,UC Irvine,UC Irvine,UC Irvine Anteaters,TBD,UC Irvine,NEW_SUN,UC Irvine,UC Irvine
Utah,Utah,Utah,Utah Utes,TBD,Utah,✓,Utah,Utah
Utah Valley,Utah Valley,Utah Valley,Utah Valley Wolverines,TBD,Utah Valley,✓,Utah Valley,Utah Valley
Vermont,Vermont,Vermont,Vermont Catamounts,TBD,Vermont,✓,Vermont,Vermont
Richmond,Richmond,Richmond,Richmond Spiders,TBD,Richmond,✓,Richmond,Richmond
Furman,Furman,Furman,Furman Paladins,TBD,Furman,✓,Furman,Furman
Charlotte,Charlotte,Charlotte,Charlotte 49ers,TBD,Charlotte,✓,Charlotte,Charlotte
Illinois State,Illinois State,Illinois State,Illinois State Redbirds,TBD,Illinois St.,✓,Illinois State,Illinois St.
Colorado,Colorado,Colorado,Colorado Buffaloes,TBD,Colorado,✓,Colorado,Colorado
San Francisco,San Francisco,San Francisco,San Francisco Dons,TBD,San Francisco,✓,San Francisco,San Francisco
TCU,Tcu,TCU,TCU Horned Frogs,TBD,TCU,✓,Tcu,TCU
Florida,Florida,Florida,Florida Gators,TBD,Florida,✓,Florida,Florida
Nevada,Nevada,Nevada,Nevada Wolf Pack,TBD,Nevada,✓,Nevada,Nevada
Washington,Washington,Washington,Washington Huskies,TBD,Washington,✓,Washington,Washington
BYU,Byu,BYU,Brigham Young Cougars,TBD,BYU,✓,BYU,BYU
Miami (FL),Miami (FL),Miami,Miami Hurricanes,TBD,Miami (FL),✓,Miami (FL),Miami FL
Providence,Providence,Providence,Providence Friars,TBD,Providence,✓,Providence,Providence
Wisconsin,Wisconsin,Wisconsin,Wisconsin Badgers,TBD,Wisconsin,✓,Wisconsin,Wisconsin
Saint Louis,Saint Louis,Saint Louis,Saint Louis Billikens,TBD,Saint Louis,✓,Saint Louis,Saint Louis
Santa Clara,Santa Clara,Santa Clara,Santa Clara Broncos,TBD,Santa Clara,✓,Santa Clara,Santa Clara
Georgetown,Georgetown,Georgetown,Georgetown Hoyas,TBD,Georgetown,✓,Georgetown,Georgetown
Dayton,Dayton,Dayton,Dayton Flyers,TBD,Dayton,✓,Dayton,Dayton
Arkansas,Arkansas,Arkansas,Arkansas Razorbacks,TBD,Arkansas,✓,Arkansas,Arkansas
Duke,Duke,Duke,Duke Blue Devils,TBD,Duke,✓,Duke,Duke
Minnesota,Minnesota,Minnesota,Minnesota Golden Gophers,TBD,Minnesota,✓,Minnesota,Minnesota
Stanford,Stanford,Stanford,Stanford Cardinal,TBD,Stanford,✓,Stanford,Stanford
Oklahoma State,Oklahoma State,Oklahoma State,Oklahoma State Cowboys,TBD,Oklahoma St.,✓,Oklahoma State,Oklahoma St.
Northwestern,Northwestern,Northwestern,Northwestern Wildcats,TBD,Northwestern,✓,Northwestern,Northwestern
Alabama A&M,Alabama A&M,Alabama A&M,Alabama A&M Bulldogs,TBD,Alabama A&M,,Alabama A&M,Alabama A&M
Alcorn State,Alcorn State,Alcorn State,Alcorn State Braves,TBD,Alcorn St.,,Alcorn State,Alcorn St.
Ball State,Ball State,Ball State,Ball State Cardinals,TBD,Ball St.,NCAA_FIX,Ball State,Ball St.
Charleston Southern,Charleston Southern,Charleston So.,Charleston Southern Buccaneers,TBD,Charleston So.,✓,Charleston Southern,Charleston Southern
Chicago State,Chicago State,Chicago State,Chicago State Cougars,TBD,Chicago St.,,Chicago State,Chicago St.
Cleveland State,Cleveland State,Cleveland State,Cleveland State Vikings,TBD,Cleveland State,,Cleveland State,Cleveland St.
Colgate,Colgate,Colgate,Colgate Raiders,TBD,Colgate,,Colgate,Colgate
Connecticut,Connecticut,UConn,Connecticut Huskies,TBD,UConn,,UConn,Connecticut
DePaul,DePaul,DePaul,DePaul Blue Demons,TBD,DePaul,✓,DePaul,DePaul
Drake,Drake,Drake,Drake Bulldogs,TBD,Drake,✓,Drake,Drake
Eastern Illinois,Eastern Illinois,E. Illinois,Eastern Illinois Panthers,TBD,E Illinois,,E Illinois,Eastern Illinois
Georgia Tech,Georgia Tech,Georgia Tech,Georgia Tech Yellow Jackets,TBD,Georgia Tech,✓,Georgia Tech,Georgia Tech
Hofstra,Hofstra,Hofstra,Hofstra Pride,TBD,Hofstra,,Hofstra,Hofstra
Illinois,Illinois,Illinois,Illinois Fighting Illini,TBD,Illinois,,Illinois,Illinois
Jackson State,Jackson State,Jackson State,Jackson State Tigers,TBD,Jackson St.,✓,Jackson State,Jackson St.
La Salle,La Salle,La Salle,La Salle Explorers,TBD,La Salle,,La Salle,La Salle
Le Moyne,Le Moyne,Le Moyne,Le Moyne Dolphins,TBD,Le Moyne,,Le Moyne,Le Moyne
Lehigh,Lehigh,Lehigh,Lehigh Mountain Hawks,TBD,Lehigh,,Lehigh,Lehigh
Longwood,Longwood,Longwood,Longwood Lancers,TBD,Longwood,,Longwood,Longwood
Loyola Marymount,Loyola Marymount,Loyola Marymount,Loyola Marymount Lions,TBD,LMU (CA),✓,Loyola Marymount,Loyola Marymount
Maine,Maine,Maine,Maine Black Bears,TBD,Maine,,Maine,Maine
Merrimack,Merrimack,Merrimack,Merrimack Warriors,TBD,Merrimack,,Merrimack,Merrimack
Missouri,Missouri,Missouri,Missouri Tigers,TBD,Missouri,,Missouri,Missouri
Monmouth,Monmouth,Monmouth,Monmouth Hawks,TBD,Monmouth,,Monmouth,Monmouth
N.J.I.T.,N.J.I.T.,NJIT,NJIT Highlanders,TBD,NJIT,✓,N.J.I.T.,NJIT
Nicholls State,Nicholls State,Nicholls,Nicholls State Colonels,TBD,Nicholls St.,,Nicholls State,Nicholls St.
North Carolina A&T,North Carolina A&T,NC A&T,North Carolina A&T Aggies,TBD,N.C. A&T,,North Carolina A&T,North Carolina A&T
North Dakota,North Dakota,North Dakota,North Dakota Fighting Hawks,TBD,North Dakota,✓,North Dakota,North Dakota
Northeastern,Northeastern,Northeastern,Northeastern Huskies,TBD,Northeastern,,Northeastern,Northeastern
Ohio State,Ohio State,Ohio State,Ohio State Buckeyes,TBD,Ohio State,,Ohio State,Ohio St.
Oklahoma,Oklahoma,Oklahoma,Oklahoma Sooners,TBD,Oklahoma,,Oklahoma,Oklahoma
Pittsburgh,Pittsburgh,Pittsburgh,Pitt Panthers,TBD,Pittsburgh,,Pittsburgh,Pittsburgh
Purdue,Purdue,Purdue,Purdue Boilermakers,TBD,Purdue,,Purdue,Purdue
Queens University of Charlotte,Queens University of Charlotte,Queens,Queens Royals,TBD,Queens,,Queens University of Charlotte,Queens
SMU,SMU,SMU,SMU Mustangs,TBD,SMU,,SMU,SMU
Seattle,Seattle,Seattle,Seattle Redhawks,TBD,Seattle,,Seattle,Seattle
Siena,Siena,Siena,Siena Saints,TBD,Siena,,Siena,Siena
South Carolina,South Carolina,South Carolina,South Carolina Gamecocks,TBD,South Carolina,,South Carolina,South Carolina
Southern Utah,Southern Utah,Southern Utah,Southern Utah Thunderbirds,TBD,Southern Utah,,Southern Utah,Southern Utah
Stony Brook,Stony Brook,Stony Brook,Stony Brook Seawolves,TBD,Stony Brook,✓,Stony Brook,Stony Brook
Texas A&M,Texas A&M,Texas A&M,Texas A&M Aggies,TBD,Texas A&M,,Texas A&M,Texas A&M
Texas State,Texas State,Texas State,Texas State Bobcats,TBD,Texas State,,Texas State,Texas St.
UC Santa Barbara,UC Santa Barbara,UCSB,UC Santa Barbara Gauchos,TBD,UC Santa Barbara,,UC Santa Barbara,UC Santa Barbara
Virginia,Virginia,Virginia,Virginia Cavaliers,TBD,Virginia,,Virginia,Virginia
Wright State,Wright State,Wright State,Wright State Raiders,TBD,Wright State,,Wright State,Wright St.
Xavier,Xavier,Xavier,Xavier Musketeers,TBD,Xavier,,Xavier,Xavier
Youngstown State,Youngstown State,Youngstown St.,Youngstown State Penguins,TBD,Youngstown St.,,Youngstown State,Youngstown St.
Albany,Albany,Albany,Albany Great Danes,TBD,Albany,,Albany,Albany
American University,American University,American,American University Eagles,TBD,American,,American University,American
Butler,Butler,Butler,Butler Bulldogs,TBD,Butler,,Butler,Butler
Clemson,Clemson,Clemson,Clemson Tigers,TBD,Clemson,,Clemson,Clemson
Davidson,Davidson,Davidson,Davidson Wildcats,TBD,Davidson,,Davidson,Davidson
Hawaii,Hawaii,Hawaii,Hawaii Rainbow Warriors,TBD,Hawaii,✓,Hawaii,Hawaii
Lafayette,Lafayette,Lafayette,Lafayette Leopards,TBD,Lafayette,,Lafayette,Lafayette
LSU,LSU,LSU,LSU Tigers,TBD,LSU,✓,LSU,LSU
Marquette,Marquette,Marquette,Marquette Golden Eagles,TBD,Marquette,,Marquette,Marquette
Mississippi State,Mississippi State,Mississippi St.,Mississippi State Bulldogs,TBD,Mississippi State,,Mississippi State,Mississippi St.
Pennsylvania,Pennsylvania,Penn,Penn Quakers,TBD,Penn,✓,Pennsylvania,Penn
Tulane,Tulane,Tulane,Tulane Green Wave,TBD,Tulane,,Tulane,Tulane
Arkansas State,Arkansas State,Arkansas State,Arkansas State Red Wolves,TBD,Arkansas St.,✓,Arkansas State,Arkansas St.
Louisiana,Louisiana,Louisiana,Louisiana Lafayette,TBD,Louisiana,,Louisiana,Louisiana
Texas A&M-CC,Texas A&M-CC,Texas A&M-CC,Texas A&M CC Islanders,TBD,Texas A&M-CC,✓,Texas A&M-CC,Texas A&M Corpus Chris
Texas A&M,Texas A&M,Texas A&M,Texas A&M Aggies,TBD,Texas A&M,✓,Texas A&M,Texas A&M
Florida State,Florida State,Florida State,Florida State Seminoles,TBD,Florida State,✓,Florida State,Florida St.
Pittsburgh,Pittsburgh,Pittsburgh,Pitt Panthers,TBD,Pittsburgh,✓,Pittsburgh,Pittsburgh
Georgia,Georgia,Georgia,Georgia Bulldogs,TBD,Georgia,NEW,Georgia,Georgia
Nebraska,Nebraska,Nebraska,Nebraska Cornhuskers,TBD,Nebraska,NEW,Nebraska,Nebraska
USC Upstate,USC Upstate,USC Upstate,USC Upstate Spartans,TBD,USC Upstate,NEW,USC Upstate,USC Upstate
Western Michigan,Western Michigan,W. Michigan,Western Michigan Broncos,TBD,Western Mich.,NEW,Western Michigan,Western Michigan
Kansas City,Kansas City,Kansas City,UMKC Kangarros,TBD,Kansas City,NEW,Kansas City,UMKC
South Dakota,South Dakota,South Dakota,South Dakota Coyotes,TBD,South Dakota,NEW,South Dakota,South Dakota
Eastern Kentucky,Eastern Kentucky,E. Kentucky,Eastern Kentucky Colonels,TBD,Eastern Ky.,NEW,Eastern Kentucky,Eastern Kentucky
Central Arkansas,Central Arkansas,Cent. Arkansas,Central Arkansas Bears,TBD,Central Ark.,NEW,Central Arkansas,Central Arkansas
Arkansas-Little Rock,Arkansas-Little Rock,Little Rock,Little Rock Trojans,TBD,Arkansas-Little Rock,NEW,Arkansas-Little Rock,Little Rock
Houston Christian,Houston Christian,Houston Christian,Houston Christian Huskies,TBD,Houston Christian,NEW,Houston Christian,Houston Christian
Georgia Southern,Georgia Southern,GA Southern,Georgia Southern Eagles,TBD,Ga. Southern,NEW,Georgia Southern,Georgia Southern
Bethune-Cookman,Bethune-Cookman,Bethune-Cookman,Bethune Cookman Wildcats,TBD,Bethune-Cookman,NEW,Bethune-Cookman,Bethune Cookman
Detroit Mercy,Detroit Mercy,Detroit Mercy,Detroit Titans,TBD,Detroit Mercy,NEW,Detroit Mercy,Detroit Mercy
UCF,Ucf,UCF,UCF Knights,TBD,UCF,NEW,Ucf,UCF
Army,Army,Army,Army Black Knights,TBD,Army,NEW,Army,Army
Boston University,Boston University,Boston U,Boston University Terriers,TBD,Boston U.,NEW,Boston University,Boston University
James Madison,James Madison,JMU,James Madison Dukes,TBD,James Madison,NEW,James Madison,James Madison
George Mason,George Mason,George Mason,George Mason Patriots,TBD,George Mason,NEW,George Mason,George Mason
Dartmouth,Dartmouth,Dartmouth,Dartmouth Big Green,TBD,Dartmouth,NEW,Dartmouth,Dartmouth
Saint Peter's,Saint Peter's,St. Peter's,Saint Peter's Peacocks,TBD,Saint Peter's,NEW,Saint Peter's,Saint Peter's
Morehead State,Morehead State,Morehead State,Morehead State Eagles,TBD,Morehead St.,NEW,Morehead State,Morehead St.
IUPUI,Iupui,IU Indianapolis,IUPUI Jaguars,TBD,IU Indy,NEW,Iupui,IU Indy
Southern University,Southern University,Southern,Southern University Jaguars,TBD,Southern,NEW,Southern,Southern
Northwestern State,Northwestern State,Northwestern St.,Northwestern State Demons,TBD,Northwestern St.,NEW,Northwestern State,Northwestern St.
Western Carolina,Western Carolina,W. Carolina,Western Carolina Catamounts,TBD,Western Caro.,NEW,Western Carolina,Western Carolina
High Point,High Point,High Point,High Point Panthers,TBD,High Point,NEW,High Point,High Point
Bryant University,Bryant University,Bryant,Bryant Bulldogs,TBD,Bryant,NEW,Bryant,Bryant
Delaware State,Delaware State,Delaware State,Delaware State Hornets,TBD,Delaware St.,NEW,Delaware State,Delaware St.
UMBC,UMBC,UMBC,UMBC Retrievers,TBD,UMBC,NEW,UMBC,UMBC
Weber State,Weber State,Weber State,Weber State Wildcats,TBD,Weber St.,NEW,Weber State,Weber St.
Montana State,Montana State,Montana State,Montana State Bobcats,TBD,Montana St.,NEW,Montana State,Montana St.
Elon,Elon,Elon,Elon Phoenix,TBD,Elon,NEW,Elon,Elon
Norfolk State,Norfolk State,Norfolk State,Norfolk State Spartans,TBD,Norfolk St.,NEW,Norfolk State,Norfolk St.
Winthrop,Winthrop,Winthrop,Winthrop Eagles,TBD,Winthrop,NEW,Winthrop,Winthrop
East Tennessee State,East Tennessee State,ETSU,ETSU Buccaneers,TBD,ETSU,NEW,East Tennessee State,East Tennessee St.
Howard,Howard,Howard,Howard Bison,TBD,Howard,NEW,Howard,Howard
Mount St. Mary's,Mount St. Mary's,Mt. St. Mary's,Mount St. Mary's Mountaineers,TBD,Mount St. Mary's,NEW,Mount St. Mary's,Mount St. Mary's
Cal State Fullerton,Cal State Fullerton,CSU Fullerton,Cal State Fullerton Titans,TBD,Cal State Fullerton,NEW,Cal State Fullerton,Cal St. Fullerton
UC Riverside,UC Riverside,UC Riverside,UC Riverside Highlanders,TBD,UC Riverside,NEW,UC Riverside,UC Riverside
Utah Tech,Utah Tech,Utah Tech,Utah Tech Trailblazers,TBD,Utah Tech,NEW,Utah Tech,Utah Tech
Canisius,Canisius,Canisius,Canisius Golden Griffins,TBD,Canisius,NEW,Canisius,Canisius
Sacred Heart,Sacred Heart,Sacred Heart,Sacred Heart Pioneers,TBD,Sacred Heart,NEW,Sacred Heart,Sacred Heart
Milwaukee,Milwaukee,Milwaukee,Wisconsin Milwaukee Panthers,TBD,Milwaukee,NEW,Milwaukee,Milwaukee
Akron,Akron,Akron,Akron Zips,TBD,Akron,NEW,Akron,Akron
Fordham,Fordham,Fordham,Fordham Rams,TBD,Fordham,NEW,Fordham,Fordham
Sacramento State,Sacramento State,Sacramento St.,Sacramento State Hornets,TBD,Sacramento St.,✓,Sacramento State,Sacramento St.
California Baptist,California Baptist,Cal Baptist,California Baptist Lancers,TBD,California Baptist,NEW,California Baptist,Cal Baptist
Oregon State,Oregon State,Oregon State,Oregon State Beavers,TBD,Oregon State,NEW,Oregon State,Oregon St.
Niagara,Niagara,Niagara,Niagara Purple Eagles,TBD,Niagara,NEW,Niagara,Niagara
Utah State,Utah State,Utah State,Utah State Aggies,TBD,Utah St.,NEW,Utah State,Utah St.
Arizona,Arizona,Arizona,Arizona Wildcats,TBD,Arizona,NEW,Arizona,Arizona
South Carolina State,South Carolina State,S. Carolina St.,South Carolina State Bulldogs,TBD,South Carolina State,NEW,South Carolina State,South Carolina St.
Penn State,Penn State,Penn State,Penn State Nittany Lions,TBD,Penn St.,✓,Penn State,Penn St.
Indiana,Indiana,Indiana,Indiana Hoosiers,TBD,Indiana,NEW,Indiana,Indiana
Stephen F. Austin,Stephen F. Austin,Stephen F. Austin,Stephen F. Austin Lumberjacks,TBD,SFA,NEW,Stephen F. Austin,Stephen F. Austin
Pacific,Pacific,Pacific,Pacific Tigers,TBD,Pacific,NEW,Pacific,Pacific
Texas-Arlington,Texas-Arlington,UT Arlington,UT Arlington Mavericks,TBD,UT Arlington,NEW,Texas-Arlington,UT Arlington
Saint Joseph's (PA),Saint Joseph's (PA),Saint Joe's,Saint Joseph's Hawks,TBD,Saint Joseph's (PA),NEW_SUN,Saint Joseph's (PA),Saint Joseph's
South Alabama,South Alabama,South Alabama,South Alabama Jaguars,TBD,South Alabama,NEW_SUN,South Alabama,South Alabama
Chattanooga,Chattanooga,Chattanooga,Chattanooga Mocs,TBD,Chattanooga,NEW_SUN,Chattanooga,Chattanooga
Yale,Yale,Yale,Yale Bulldogs,TBD,Yale,NEW_SUN,Yale,Yale
Cornell,Cornell,Cornell,Cornell Big Red,TBD,Cornell,NEW_SUN,Cornell,Cornell
Mercyhurst,Mercyhurst,Mercyhurst,Mercyhurst Lakers,TBD,Mercyhurst,NEW_SUN,Mercyhurst,Mercyhurst
West Virginia,West Virginia,West Virginia,West Virginia Mountaineers,TBD,West Virginia,NEW_SUN,West Virginia,West Virginia
Coastal Carolina,Coastal Carolina,Coast. Carolina,Coastal Carolina Chanticleers,TBD,Coastal Carolina,NEW_SUN,Coastal Carolina,Coastal Carolina
Prairie View A&M,Prairie View A&M,PV A&M,Prairie View A&M Panthers,TBD,Prairie View,NCAA_FIX,Prairie View A&M,Prairie View A&M
Citadel,Citadel,The Citadel,The Citadel Bulldogs,TBD,The Citadel,NCAA_FIX,Citadel,The Citadel
Presbyterian,Presbyterian,Presbyterian,Presbyterian Blue Hose,TBD,Presbyterian,NEW_SUN,Presbyterian,Presbyterian
Cal State Bakersfield,Cal State Bakersfield,CSU Bakersfield,CSU Bakersfield Roadrunners,TBD,CSU Bakersfield,NCAA_FIX,Cal State Bakersfield,Cal St. Bakersfield
Loyola (MD),Loyola (MD),Loyola (MD),Loyola Maryland Greyhounds,TBD,Loyola Maryland,NCAA_FIX,Loyola (MD),Loyola MD
UTSA,UTSA,UTSA,UTSA Roadrunners,TBD,UTSA,NEW_SUN,UTSA,UTSA
Tennessee State,Tennessee State,Tennessee St.,Tennessee State Tigers,TBD,Tennessee St.,NCAA_FIX,Tennessee State,Tennessee St.
Charleston,Charleston,Charleston,Charleston Cougars,TBD,Col. of Charleston,NCAA_FIX,Charleston,Charleston
Tarleton State,Tarleton State,Tarleton,Tarleton State Texans,TBD,Tarleton State,NEW,Tarleton State,Tarleton St.
Iona,Iona,Iona,Iona Gaels,TBD,Iona,NEW,Iona,Iona
North Alabama,North Alabama,North Alabama,North Alabama Lions,TBD,North Alabama,NEW,North Alabama,North Alabama
West Georgia,West Georgia,West Georgia,West Georgia Wolves,TBD,West Ga.,NEW,West Georgia,West Georgia
Incarnate Word,Incarnate Word,Incarnate Word,Incarnate Word Cardinals,TBD,UIW,NEW,Incarnate Word,Incarnate Word
Tennessee-Martin,Tennessee-Martin,UT Martin,Tennessee-Martin Skyhawks,TBD,UT Martin,✓,Tennessee-Martin,Tennessee Martin
Florida A&M,Florida A&M,Florida A&M,Florida A&M Rattlers,TBD,Fla. A&M,NEW,Florida A&M,Florida A&M
Western Illinois,Western Illinois,W. Illinois,Western Illinois Leathernecks,TBD,Western Ill.,✓,Western Illinois,Western Illinois
Central Michigan,Central Michigan,Cent. Michigan,Central Michigan Chippewas,TBD,Central Mich.,✓,Central Michigan,Central Michigan
Maryland-Eastern Shore,Maryland-Eastern Shore,UMES,MD E Shore Fighting Hawks,TBD,UMES,✓,Maryland-Eastern Shore,Maryland Eastern Shore
Fairleigh Dickinson,Fairleigh Dickinson,Fair. Dickinson,Fairleigh Dickinson Knights,TBD,FDU,✓,Fairleigh Dickinson,Fairleigh Dickinson
LIU,LIU,Long Island,LIU Sharks,TBD,LIU,NEW,LIU,LIU
SIU-Edwardsville,SIU-Edwardsville,SIUE,SIU Edwardsville Cougars,TBD,SIUE,NEW,SIU-Edwardsville,SIU Edwardsville
Northern Illinois,Northern Illinois,N. Illinois,Northern Illinois Huskies,TBD,NIU,✓,Northern Illinois,Northern Illinois
Binghamton,Binghamton,Binghamton,Binghamton Bearcats,TBD,Binghamton,NEW,Binghamton,Binghamton
Duquesne,Duquesne,Duquesne,Duquesne Dukes,TBD,Duquesne,NEW,Duquesne,Duquesne
Grambling State,Grambling State,Grambling State,Grambling State Tigers,TBD,Grambling State,NEW,Grambling State,Grambling St.
Green Bay,Green Bay,Green Bay,Wisconsin Green Bay Phoenix,TBD,Green Bay,NEW,Green Bay,Green Bay
Lindenwood,Lindenwood,Lindenwood,Lindenwood Lions,TBD,Lindenwood,NEW,Lindenwood,Lindenwood
North Florida,North Florida,North Florida,North Florida Ospreys,TBD,North Florida,NEW,North Florida,North Florida
Massachusetts,Massachusetts,UMass,UMass Minutemen,TBD,Massachusetts,NEW,Massachusetts,Massachusetts
Arkansas-Pine Bluff,Arkansas-Pine Bluff,AR-Pine Bluff,Ark Pine Bluff Golden Lions,TBD,Ark.-Pine Bluff,NEW,Arkansas-Pine Bluff,UAPB
Florida International,Florida International,FIU,FIU Golden Panthers,TBD,FIU,NEW,FIU,FIU
Texas Rio Grande Valley,Texas Rio Grande Valley,UTRGV,UTRGV Vaqueros,TBD,UTRGV,NEW,UTRGV,UT Rio Grande
Central Connecticut State,Central Connecticut State,Cent. Conn. St.,Central Connecticut Blue Devils,TBD,Central Conn. St.,NEW,Central Conn. St.,Central Conn.
North Carolina State,North Carolina State,NC State,NC State Wolfpack,TBD,NC State,NEW,NC State,N.C. State
Louisiana-Monroe,Louisiana-Monroe,UL Monroe,Louisiana Monroe Warhawks,TBD,Louisiana-Monroe,NEW,LA Monroe,ULM
St. Thomas (MN),St. Thomas (MN),St. Thomas,St. Thomas Tommies,TBD,St. Thomas,NEW,St. Thomas,St. Thomas
Holy Cross,Holy Cross,Holy Cross,Holy Cross Crusaders,TBD,Holy Cross,NEW,Holy Cross,Holy Cross
IUPUI,IUPUI,IU Indianapolis,IUPUI Jaguars,TBD,IUPUI,NEW,IUPUI,IUPUI
Oakland,Oakland,Oakland,Oakland Golden Grizzlies,TBD,Oakland,NEW,Oakland,Oakland
Southern Miss,Southern Miss,Southern Miss,Southern Miss Golden Eagles,TBD,Southern Miss,NEW,Southern Miss,Southern Miss
Radford,Radford,Radford,Radford Highlanders,TBD,Radford,NEW,Radford,Radford
Drexel,Drexel,Drexel,Drexel Dragons,TBD,Drexel,NEW,Drexel,Drexel
Austin Peay,Austin Peay,Austin Peay,Austin Peay Governors,TBD,Austin Peay,NEW,Austin Peay,Austin Peay
Kent State,Kent State,Kent State,Kent State Golden Flashes,TBD,Kent State,NEW,Kent State,Kent State
Hampton,Hampton,Hampton,Hampton Pirates,TBD,Hampton,NEW,Hampton,Hampton
Lamar,Lamar,Lamar,Lamar Cardinals,TBD,Lamar University,NEW,Lamar,Lamar
Gardner-Webb,Gardner-Webb,Gardner-Webb,Gardner Webb Runnin' Bulldogs,TBD,Gardner-Webb,NEW,Gardner-Webb,Gardner-Webb
Louisville,Louisville,Louisville,Louisville Cardinals,TBD,Louisville,NEW,Louisville,Louisville
Mississippi Valley State,Mississippi Valley State,Miss. Valley St.,MS Valley State Delta Devils,TBD,Miss. Valley St.,NEW,Mississippi Valley St.,Mississippi Valley St.
Nebraska-Omaha,Nebraska-Omaha,Omaha,Omaha Mavericks,TBD,Nebraska-Omaha,NEW,Omaha,Nebraska Omaha
Evansville,Evansville,Evansville,Evansville Purple Aces,TBD,Evansville,NEW,Evansville,Evansville
BYU,BYU,BYU,Brigham Young Cougars,TBD,BYU,NEW,BYU,BYU
UCLA,UCLA,UCLA,UCLA Bruins,TBD,UCLA,NEW,UCLA,UCLA
Missouri State,Missouri State,Missouri State,Missouri State Bears,TBD,Missouri St.,NEW,Missouri State,Missouri St.
Texas Southern,Texas Southern,Texas Southern,Texas Southern Tigers,TBD,Texas Southern,NEW,Texas Southern,Texas Southern
